{"vt": {"dynamic_attention_sinks_pooled_8x_kl_div_mean": [0.3199504315853119, 0.21945856511592865, 0.28492841124534607], "dynamic_attention_sinks_pooled_8x_kl_div_max": [4.753409385681152, 3.5206167697906494, 4.510258197784424], "dynamic_attention_sinks_pooled_8x_accuracy": [0.9333333373069763, 0.9444444179534912, 0.9375], "index": [0, 0, 0, 1, 1, 1, 2, 2, 2], "snapkv_8x_kl_div_mean": [0.1986674815416336, 0.08619274944067001, 0.011487681418657303], "snapkv_8x_kl_div_max": [1.0221503973007202, 0.7932178378105164, 0.16708612442016602], "snapkv_8x_accuracy": [0.9333333373069763, 0.9444444179534912, 1.0], "lookahead_snapkv_8x_kl_div_mean": [0.0799313336610794, 0.001217416487634182, 0.06889275461435318], "lookahead_snapkv_8x_kl_div_max": [0.7584570050239563, 0.010091898031532764, 1.1005940437316895], "lookahead_snapkv_8x_accuracy": [0.9333333373069763, 1.0, 0.9375]}, "fwe": {"dynamic_attention_sinks_pooled_8x_kl_div_mean": [0.4925028383731842, 0.33842188119888306, 0.577472448348999], "dynamic_attention_sinks_pooled_8x_kl_div_max": [9.245758056640625, 7.74783992767334, 8.659159660339355], "dynamic_attention_sinks_pooled_8x_accuracy": [0.8461538553237915, 0.8974359035491943, 0.8571428656578064], "index": [0, 0, 0, 1, 1, 1, 2, 2, 2], "snapkv_8x_kl_div_mean": [0.3180842697620392, 0.27232763171195984, 0.3020581901073456], "snapkv_8x_kl_div_max": [6.522534370422363, 4.858935356140137, 6.573699474334717], "snapkv_8x_accuracy": [0.8717948794364929, 0.9230769276618958, 0.9142857193946838], "lookahead_snapkv_8x_kl_div_mean": [0.24496734142303467, 0.1787964254617691, 0.25559312105178833], "lookahead_snapkv_8x_kl_div_max": [5.7779083251953125, 3.728001356124878, 6.339164733886719], "lookahead_snapkv_8x_accuracy": [0.8717948794364929, 0.9230769276618958, 0.9142857193946838]}, "niah_single_1": {"dynamic_attention_sinks_pooled_8x_kl_div_mean": [0.011177330277860165, 0.030441835522651672], "dynamic_attention_sinks_pooled_8x_kl_div_max": [0.043676599860191345, 0.15736624598503113], "dynamic_attention_sinks_pooled_8x_accuracy": [1.0, 1.0], "index": [0, 0, 0, 1, 1, 1], "snapkv_8x_kl_div_mean": [0.005100977141410112, 0.016998466104269028], "snapkv_8x_kl_div_max": [0.022926580160856247, 0.09653409570455551], "snapkv_8x_accuracy": [1.0, 1.0], "lookahead_snapkv_8x_kl_div_mean": [0.003891964443027973, 0.012572567909955978], "lookahead_snapkv_8x_kl_div_max": [0.019836606457829475, 0.0719221979379654], "lookahead_snapkv_8x_accuracy": [1.0, 1.0]}, "qa_2": {}, "niah_multikey_1": {}, "niah_multivalue": {}, "niah_multikey_3": {}, "niah_single_3": {}, "niah_single_2": {}, "qa_1": {}, "niah_multikey_2": {}, "niah_multiquery": {}, "cwe": {}}