{"max_memory_allocated": [6068.37353515625, 6287.45166015625, 6510.77978515625, 6817.60791015625, 7145.67041015625, 7440.17041015625, 7744.21728515625], "max_memory_reserved": [6534.0, 6852.0, 7220.0, 7584.0, 7618.0, 7964.0, 8332.0], "max_memory_allocated_dif": [0.0078125, 219.0859375, 442.4140625, 749.2421875, 1077.3046875, 1371.8046875, 1675.8515625], "max_memory_reserved_dif": [0.0, 318.0, 686.0, 1050.0, 1084.0, 1430.0, 1798.0]}