{"time": [4.798525333404541, 5.663248062133789, 6.84358549118042, 8.913119077682495, 11.370343685150146, 14.128872632980347, 17.171031713485718, 20.31253409385681, 23.580151557922363, 27.01806139945984, 30.62349224090576, 34.394126415252686], "max_memory_allocated": [7469.79150390625, 9490.10400390625, 11510.41650390625, 13530.72900390625, 15551.04150390625, 17571.35400390625, 19591.66650390625, 21611.97900390625, 23632.29150390625, 25652.60400390625, 27672.91650390625, 29693.22900390625], "max_memory_reserved": [7770.0, 10458.0, 13148.0, 14556.0, 16572.0, 18716.0, 20988.0, 22878.0, 26494.0, 29214.0, 31360.0, 33504.0], "max_memory_allocated_dif": [-188.46240234375, 1831.85009765625, 3852.16259765625, 5872.47509765625, 7892.78759765625, 9913.10009765625, 11933.41259765625, 13953.72509765625, 15974.03759765625, 17994.35009765625, 20014.66259765625, 22034.97509765625], "max_memory_reserved_dif": [0.0, 2688.0, 5378.0, 6786.0, 8802.0, 10946.0, 13218.0, 15108.0, 18724.0, 21444.0, 23590.0, 25734.0], "input_size": [8192, 16384, 24576, 32768, 40960, 49152, 57344, 65536, 73728, 81920, 90112, 98304]}