{
    "time": [
        5.376821756362915,
        6.345974683761597,
        7.3548829555511475,
        8.358809471130371,
        9.466886758804321,
        10.680927991867065,
        11.882586240768433,
        13.222474575042725,
        14.84969186782837,
        16.13616132736206,
        17.763258695602417,
        19.663862228393555
    ],
    "max_memory_allocated": [
        6592.34130859375,
        7586.70654296875,
        8582.82763671875,
        9580.58349609375,
        10576.59130859375,
        11573.01513671875,
        12568.80419921875,
        13566.24365234375,
        14563.73779296875,
        15566.94287109375,
        16560.78857421875,
        17568.43896484375
    ],
    "max_memory_reserved": [
        7770.0,
        8670.0,
        10660.0,
        11500.0,
        12752.0,
        14128.0,
        15640.0,
        17018.0,
        18462.0,
        20286.0,
        21538.0,
        20850.0
    ],
    "max_memory_allocated_dif": [
        -1065.9169921875,
        -71.5517578125,
        924.5693359375,
        1922.3251953125,
        2918.3330078125,
        3914.7568359375,
        4910.5458984375,
        5907.9853515625,
        6905.4794921875,
        7908.6845703125,
        8902.5302734375,
        9910.1806640625
    ],
    "max_memory_reserved_dif": [
        0.0,
        900.0,
        2890.0,
        3730.0,
        4982.0,
        6358.0,
        7870.0,
        9248.0,
        10692.0,
        12516.0,
        13768.0,
        13080.0
    ],
    "input_size": [
        8192,
        16384,
        24576,
        32768,
        40960,
        49152,
        57344,
        65536,
        73728,
        81920,
        90112,
        98304
    ],
    "generated_length": [
        64,
        64,
        64,
        64,
        64,
        64,
        64,
        64,
        64,
        64,
        64,
        64
    ]
}