{"time": [5.093167543411255, 6.066027402877808, 7.004684686660767, 8.222245216369629, 9.620043754577637, 11.109874248504639, 12.844444274902344, 14.78545093536377, 16.981236934661865, 19.223761320114136, 21.711841821670532, 24.341997623443604], "max_memory_allocated": [6573.85400390625, 7571.16650390625, 8566.41650390625, 9562.73095703125, 10559.16650390625, 11555.35400390625, 12551.72900390625, 13547.97900390625, 14544.35400390625, 15541.54345703125, 16537.35595703125, 17533.22900390625], "max_memory_reserved": [7770.0, 8666.0, 10460.0, 11612.0, 12892.0, 14300.0, 15836.0, 15198.0, 16702.0, 18334.0, 19392.0, 20448.0], "max_memory_allocated_dif": [-1084.39990234375, -87.08740234375, 908.16259765625, 1904.47705078125, 2900.91259765625, 3897.10009765625, 4893.47509765625, 5889.72509765625, 6886.10009765625, 7883.28955078125, 8879.10205078125, 9874.97509765625], "max_memory_reserved_dif": [-50.0, 846.0, 2640.0, 3792.0, 5072.0, 6480.0, 8016.0, 7378.0, 8882.0, 10514.0, 11572.0, 12628.0], "input_size": [8192, 16384, 24576, 32768, 40960, 49152, 57344, 65536, 73728, 81920, 90112, 98304]}