{
    "time": [
        8.599394083023071,
        10.226511001586914,
        11.720710277557373,
        13.357123374938965,
        15.03007698059082,
        16.807215690612793,
        18.644673585891724,
        20.36158299446106,
        22.223321437835693,
        24.228875637054443
    ],
    "max_memory_allocated": [
        10774.51708984375,
        11828.37841796875,
        12879.17138671875,
        13932.32763671875,
        14984.88818359375,
        16036.64794921875,
        17089.10693359375,
        18141.98193359375,
        19195.15380859375,
        20262.72216796875
    ],
    "max_memory_reserved": [
        14140.0,
        14140.0,
        14140.0,
        15008.0,
        16708.0,
        16886.0,
        20942.0,
        21466.0,
        22018.0,
        23294.0
    ],
    "max_memory_allocated_dif": [
        -3311.4873046875,
        -2257.6259765625,
        -1206.8330078125,
        -153.6767578125,
        898.8837890625,
        1950.6435546875,
        3003.1025390625,
        4055.9775390625,
        5109.1494140625,
        6176.7177734375
    ],
    "max_memory_reserved_dif": [
        0.0,
        0.0,
        0.0,
        868.0,
        2568.0,
        2746.0,
        6802.0,
        7326.0,
        7878.0,
        9154.0
    ],
    "input_size": [
        8192,
        16384,
        24576,
        32768,
        40960,
        49152,
        57344,
        65536,
        73728,
        81920
    ],
    "generated_length": [
        64,
        64,
        64,
        64,
        64,
        64,
        64,
        64,
        64,
        64
    ]
}