{
    "time": [
        8.074139833450317,
        9.49732756614685,
        10.948320627212524,
        12.40133547782898,
        13.827566146850586,
        15.28781270980835,
        16.665397882461548,
        18.14513921737671,
        19.577837467193604,
        21.019309759140015
    ],
    "max_memory_allocated": [
        10755.2041015625,
        11809.4541015625,
        12859.0166015625,
        13912.3291015625,
        14965.7666015625,
        16017.0166015625,
        17069.6416015625,
        18120.5791015625,
        19183.423828125,
        20246.73828125
    ],
    "max_memory_reserved": [
        14140.0,
        14140.0,
        14140.0,
        15006.0,
        16704.0,
        16886.0,
        20928.0,
        20808.0,
        22000.0,
        23272.0
    ],
    "max_memory_allocated_dif": [
        -3330.80029296875,
        -2276.55029296875,
        -1226.98779296875,
        -173.67529296875,
        879.76220703125,
        1931.01220703125,
        2983.63720703125,
        4034.57470703125,
        5097.41943359375,
        6160.73388671875
    ],
    "max_memory_reserved_dif": [
        0.0,
        0.0,
        0.0,
        866.0,
        2564.0,
        2746.0,
        6788.0,
        6668.0,
        7860.0,
        9132.0
    ],
    "input_size": [
        8192,
        16384,
        24576,
        32768,
        40960,
        49152,
        57344,
        65536,
        73728,
        81920
    ]
}