{"time": [8.044699668884277, 9.588176727294922, 11.65778398513794, 13.856693744659424, 16.473942756652832, 19.41304326057434, 22.612790822982788, 26.20076298713684, 30.14719796180725, 34.41080331802368], "max_memory_allocated": [10756.57470703125, 11809.57470703125, 12860.13720703125, 13911.38720703125, 14964.76220703125, 16015.82470703125, 17068.6396484375, 18119.57470703125, 19171.69970703125, 20225.0146484375], "max_memory_reserved": [14140.0, 14140.0, 14140.0, 15006.0, 16302.0, 19328.0, 19240.0, 20608.0, 21416.0, 24624.0], "max_memory_allocated_dif": [-3329.42529296875, -2276.42529296875, -1225.86279296875, -174.61279296875, 878.76220703125, 1929.82470703125, 2982.6396484375, 4033.57470703125, 5085.69970703125, 6139.0146484375], "max_memory_reserved_dif": [-66.0, -66.0, -66.0, 800.0, 2096.0, 5122.0, 5034.0, 6402.0, 7210.0, 10418.0], "input_size": [8192, 16384, 24576, 32768, 40960, 49152, 57344, 65536, 73728, 81920]}