{"time": [7.7127156257629395, 9.422452926635742, 11.974393367767334, 16.031455039978027, 20.50734829902649, 25.598750829696655, 31.165050983428955, 36.93799138069153, 43.01055359840393, 49.32825803756714], "max_memory_allocated": [12099.13720703125, 14685.69970703125, 17274.76220703125, 19862.07470703125, 22450.38720703125, 25038.69970703125, 27627.01220703125, 30215.32470703125, 32804.63720703125, 35391.94970703125], "max_memory_reserved": [14140.0, 15436.0, 18028.0, 21054.0, 24942.0, 27584.0, 30384.0, 33344.0, 35744.0, 38944.0], "max_memory_allocated_dif": [-1986.86279296875, 599.69970703125, 3188.76220703125, 5776.07470703125, 8364.38720703125, 10952.69970703125, 13541.01220703125, 16129.32470703125, 18718.63720703125, 21305.94970703125], "max_memory_reserved_dif": [0.0, 1296.0, 3888.0, 6914.0, 10802.0, 13444.0, 16244.0, 19204.0, 21604.0, 24804.0], "input_size": [8192, 16384, 24576, 32768, 40960, 49152, 57344, 65536, 73728, 81920]}